{"initial_reset_timestamp": 172014.276240977, "timestamps": [172024.663489705, 172273.782866416], "episode_lengths": [1000, 1000], "episode_rewards": [3252.3379707334057, 3513.9656788673683], "episode_types": ["t", "t"]}